circRNA name,Disease Name
ARHGAP5/circARHGAP5,Colon cancer
ARHGAP5/circARHGAP5,Epithelial Ovarian carcinoma
CDR1as/ciRS-7/hsa_circ_0001946,Gastric cancer
CDR1as/ciRS-7/hsa_circ_0001946,Glioblastoma
CDR1as/ciRS-7/hsa_circ_0001946,Alzheimers disease
CDR1as/ciRS-7/hsa_circ_0001946,Celebral development
CDR1as/ciRS-7/hsa_circ_0001946,Colorectal cancer
CDR1as/ciRS-7/hsa_circ_0001946,Hepatocellular carcinoma
CDR1as/ciRS-7/hsa_circ_0001946,Pancreatic ductal adenocarcinoma
chr15:95864225-95894541,Intestinal injury and repair
chr18:107887-108499,Glioblastoma
chr18:35610871-35613502,Intestinal injury and repair
chr19:16705875-16710941,Intestinal injury and repair
chr19:42562552-42564341,Intestinal injury and repair
chr19:5761476-5761630,Glioblastoma
chr22:28943661-28946139,Bladder cancer
chr3:72958113-72960367,Intestinal injury and repair
chr3:96041338-96042928,Intestinal injury and repair
chr4:103501692-103504114,Glioblastoma
chr5:134491893-134500149,Intestinal injury and repair
chr5:158368701-158368987,Bladder cancer
chr5:32640331-32664400,Intestinal injury and repair
chr5:64096979-64108263,Intestinal injury and repair
chr8:79343654-79372364,Intestinal injury and repair
chr9:74522734-74523039,Bladder cancer
circ_0002198/hsa_circ_0002198,Ovarian endometriosis
circ_0004712/hsa_circ_0004712,Ovarian endometriosis
circ_100855,Laryngeal squamous cell cancer tissues
circ_104912,Laryngeal squamous cell cancer tissues
circ_ADCY1/hsa_circ_19159,Glioblastoma
circ_AFF2,Hematopoiesis
circ_ATRNL1,Glioblastoma
circ_BEND6/hsa_circ_0131980,Glioblastoma
circ_CCT4,Temporal Lobe Epilepsy
circ_COL1A2,Glioblastoma
circ_CORO1C/hsa_circ_01619,Glioblastoma
circ_CRKL/hsa_circ_05707,Glioblastoma
circ_DROSHA,Temporal Lobe Epilepsy
circ_EFCAB2,Temporal Lobe Epilepsy
circ_EML5/hsa_circ_07204,Glioblastoma
circ_EPHB4,Glioblastoma
circ_ERC1/hsa_circ_01909/hsa_circ_02599,Glioblastoma
circ_ETFA/hsa_circ_10388,Glioblastoma
circ_FKBP8/hsa_circ_24455,Glioblastoma
circ_GLIS3,Glioblastoma
circ_KCNN2/hsa_circ_22824,Glioblastoma
circ_MAN1A2/hsa_circ_02643,Glioblastoma
circ_MCTP1/hsa_circ_02559,Glioblastoma
circ_MED12L/hsa_circ_15226,Glioblastoma
circ_MYO9B,Temporal Lobe Epilepsy
circ_PLOD2,Glioblastoma
circ_PTN,Glioblastoma
circ_R3HDM1/hsa_circ_12253,Glioblastoma
circ_RIMS1/hsa_circ_14076,Glioblastoma
circ_RNF10/hsa_circRNA_005086/hsa_circ_005086/hsa_circ_26020,Tuberculosis
circ_RNF10/hsa_circRNA_005086/hsa_circ_005086/hsa_circ_26020,Glioblastoma
circ_SAFB2/hsa_circ_23587,Glioblastoma
circ_SDHA,Primary great saphenous vein varicosities
circ_SLC8A1/hsa_circ_10435,Glioblastoma
circ_SMO,Glioblastoma
circ_SPTAN1,Glioblastoma
circ_STK17A,Temporal Lobe Epilepsy
circ_STK24,Temporal Lobe Epilepsy
circ_STXBP5L/hsa_circ_29892,Glioblastoma
circ_UBQLN1,Temporal Lobe Epilepsy
circ_UNC13C,Glioblastoma
circ_UNC79,Glioblastoma
circ_USP9Y,Temporal Lobe Epilepsy
circ_VCAN/hsa_circ_00523,Glioblastoma
circ_VPS37C,Temporal Lobe Epilepsy
circ_ZNF148/hsa_circ_26591,Glioblastoma
circ0006916,Lung cancer
circ0817/CUL5//hsa_circ_0024169,Colorectal cancer
circ-104916,Gastric cancer
circ6229/hsa_circ_0000522/hsa_circ_000169,Colorectal cancer
circ7374//TNS4/hsa-circRNA_2149,Colorectal cancer
circ7780,Colorectal cancer
circABCB10/hsa_circ_0008717,Breast cancer
circAmotl1/hsa_circ_0004214,Breast cancer
circAmotl1/hsa_circ_0004214,Cervical cancer
circAmotl1/hsa_circ_0004214,Glioblastoma
circAmotl1/hsa_circ_0004214,Lung cancer
circANRIL/hsa_circ_0008574,Atherosclerosis
circARSP91/hsa_circ_0085154,Hepatocellular carcinoma
circATP2B1/hsa_circ_000826/hsa_circ_0000426,Clear cell renal cell carcinoma
circATXN10,Cardiovascular disease
circ-BANP,Colorectal cancer
circBC048201/hsa_circ_0061265,Bladder cancer
circBCL11B,Breast cancer
circBRAF/hsa_circ_0006460,Glioblastoma
circBRIP,Breast cancer
circC3P1,Hepatocellular carcinoma
circCDYL,Cardiovascular disease
circ-CER/circRNA_100876/hsa_circ_0023404,Osteoarthritis
circCHD7,Cardiovascular disease
circCTDP1,Bladder cancer
circDENND4C,Breast cancer
circDLGAP4,Acute ischemic stroke
circDNAJC6,Cardiovascular disease
circDNMT1,Breast cancer
circDOCK1/hsa_circ_100721,Colorectal cancer
circDOCK1/hsa_circ_100721,Oral squamous cell carcinoma
circEKL4/hsa_circ_0000175,Lupus nephritis
circEPSTI1,Breast cancer
circETFA,Breast cancer
circFAM169A/hsa_circ_0007158,Bladder cancer
circFAM188A/hsa_circ_0000219,Lupus nephritis
circFARSA,Non-Small cell Lung Cancer tumorigenesis
circFAT1,Colon cancer
circ-FBXW7,Glioblastoma
circ-Foxo3/hsa_circ_0006404,Non-small cell lung cancer
circ-Foxo3/hsa_circ_0006404,Breast cancer
circ-Foxo3/hsa_circ_0006404,Myocardial senescence
circFUT8/hsa_circRNA_101368/hsa_circ_0003028,Liver cancer
circGFRA1/hsa_circ_005239,Triple negative breast cancer
circHIPK3/hsa_circ_0000284,Non-small cell lung cancer
circHLA-C,Lupus nephritis
circIPO11/hsa_circRNA_103847/hsa_circ_0007915,Liver cancer
circ-KLDHC10/hsa_circ_0082333,Colorectal cancer
circLARP4,Gastric cancer
circ-LDLRAD3/hsa_circ_0006988,Pancreatic cancer
circMAN2B2/hsa_circRNA_103595,Lung cancer
circMED13,Breast cancer
circMTO1/hsa_circRNA_0007874/hsa_circRNA_104135,Hepatocellular carcinoma
circMylk/circRNA-MYLK/hsa_circ_0002768,Bladder cancer
circNASP/hsa_circ_0092340,Osteosarcoma
circ-NT5C2/hsa_circ_0092509,Osteosarcoma
circOLA,Breast cancer
circPDE4B/hsa_circ_0008433,Lupus nephritis
circPRKCI/hsa_circ_0067934,Lung adenocarcinoma
circPTK2/hsa_circ_0005273,Bladder cancer
circPVT1/hsa_circ_0001821,Gastric cancer
circPVT1/hsa_circ_0001821,Breast cancer
circPVT1/hsa_circ_0001821,Osteosarcoma
circPVT1/hsa_circ_0001821,Lung cancer
circPVT1/hsa_circ_0001821,Acute Lymphoblastic Leukemia
circRHOBTB3,Colon cancer
circRNABCRC4/hsa_circ_001598/hsa_circ_0001577,Bladder cancer
circRNAIFF01,PDLSC osteogenis
circRNANCOA3,PDLSC osteogenis
circRNANTNG1,PDLSC osteogenis
circRNAPLOD2,PDLSC osteogenis
circRNASKIL,PDLSC osteogenis
circRNASMO,PDLSC osteogenis
circRNASMURF2,PDLSC osteogenis
circRNA.1030,Gestational diabetes mellitus
circRNA.20159,Gestational diabetes mellitus
circRNA.22054,Gestational diabetes mellitus
circRNA.33299,Gestational diabetes mellitus
circRNA.37134,Gestational diabetes mellitus
circRNA.5333,Gestational diabetes mellitus
circRNA_0001073/hsa_circ_0001073,Acne
circRNA_000167/hsa_circ_0000518/hsa_circRNA_001678,Esophageal cancer
circRNA_0005941/hsa_circ_0005941,Acne
circRNA_000695/hsa_circ_0001336,radioresistant esophageal cancer cells
circRNA_00074/hsa_circ_0000074,Pulmonary tuberculosis
circRNA_000839/hsa_circ_0000839,Hepatocellular carcinoma
circRNA_000911/hsa_circ_000911,Breast cancer
circRNA_001653/hsa_circ_0001653,Gastric cancer
circRNA_0018168/hsa_circ_0018168,Acne
circRNA_003524/hsa_circRNA_003524,Rheumatoid arthritis
circRNA_0046366,Hepatic steatosis
circRNA_0084043,Malignant melanoma
circRNA_0084927/hsa_circ_0084927,Acne
circRNA_0086376/hsa_circ_0086376,Acne
circRNA_05538/hsa_circ_0005538,Pulmonary tuberculosis
circRNA_092516,Rheumatoid arthritis
circRNA_09585,Pulmonary tuberculosis
circRNA_09993,Pulmonary tuberculosis
circRNA_10008,Breast cancer
circRNA_100284,Liver cancer
circRNA_100290/hsa_circ_0013339/hsa_circ_100290,Oral squamous cell carcinoma
circRNA_100367/hsa_circ_0014879/hsa_circRNA_100367/,radioresistant esophageal cancer cells
circRNA_100984/hsa_circ_0002019/hsa_circRNA_100984/,Esophageal cancer
circRNA_101308,Gastric cancer
circRNA_101873/hsa_circRNA_101873,Rheumatoid arthritis
circRNA_101877/hsa_circ_0004519,Esophageal cancer
circRNA_102231,Lung cancer
circRNA_102913/hsa_circ_0058058,Esophageal cancer
circRNA_103047,Rheumatoid arthritis
circRNA_103781,Gastric cancer
circRNA_103999,Gastric cancer
circRNA_104423,Gastric cancer
circRNA_104871/hsa_circ_104871,Rheumatoid arthritis
circRNA_104916,Gastric cancer
circRNA_104983/hsa_circ_0089974,Esophageal cancer
circRNA_127,Breast cancer
circRNA_13478,Pulmonary tuberculosis
circRNA_13478,Pulmonary tuberculosis
circRNA_14623/hsa_circRNA_14623,Pulmonary tuberculosis
circRNA_15703/hsa_circ_0015703,Breast cancer
circRNA_3385,Breast cancer
circRNA_36159,Breast cancer
circRNA_388,Breast cancer
circRNA_400033,Gastric cancer
circRNA_4815,Breast cancer
circRNA_537,Breast cancer
circRNA_555,Breast cancer
circRNA_659,Breast cancer
circRNA_7070,Breast cancer
circRNA_CDR1as,Cholangiocarcinoma
CircRNA-0001855,Pre-eclampsia (PE)
circRNA-000284/hsa_circ_0000284,Cervical cancer
circRNA0003906,Colorectal cancer
CircRNA-0004904,Pre-eclampsia (PE)
circRNA-000911/hsa_circ_0000911/hsa_circ_000268,Breast cancer
circRNA-001175/hsa_circ_0001175,Breast cancer
circRNA-001283,Breast cancer
circRNA-001489,polarized macrophages
circRNA-003780,polarized macrophages
circRNA0047905/hsa_circ_0047905,Gastric cancer
circRNA-010231,polarized macrophages
circRNA0138960/has-circRNA7690-15,Gastric cancer
circRNA-018127,polarized macrophages
circRNA-100438,Breast cancer
circRNA120,Esophageal squamous cell carcinoma
circRNA167,Esophageal squamous cell carcinoma
circRNA2918,Esophageal squamous cell carcinoma
circRNA3046,Herpes Simplex Virus1 Infection
circRNA3341,Esophageal squamous cell carcinoma
circRNA3594,Esophageal squamous cell carcinoma
circRNA3683,Herpes Simplex Virus1 Infection
circRNA3703,Esophageal squamous cell carcinoma
circRNA3706,Esophageal squamous cell carcinoma
circRNA3707,Esophageal squamous cell carcinoma
circRNA378,Esophageal squamous cell carcinoma
circRNA4406,Lung cancer
circRNA4628,Esophageal squamous cell carcinoma
circRNA4882,Lung cancer
circRNA5669,Esophageal squamous cell carcinoma
circRNA666,Esophageal squamous cell carcinoma
circRNA6783,Herpes Simplex Virus1 Infection
circRNA7231,Herpes Simplex Virus1 Infection
circRNA7534,Esophageal squamous cell carcinoma
circRNA7535,Esophageal squamous cell carcinoma
circRNA7536,Esophageal squamous cell carcinoma
circRNA7537,Esophageal squamous cell carcinoma
circRNA7673,Esophageal squamous cell carcinoma
circRNA7674,Esophageal squamous cell carcinoma
circRNA7675,Esophageal squamous cell carcinoma
circRNA7676,Esophageal squamous cell carcinoma
circRNA7679,Esophageal squamous cell carcinoma
circRNA7752,Herpes Simplex Virus1 Infection
circRNA8505,Esophageal squamous cell carcinoma
circRNA8506,Esophageal squamous cell carcinoma
circRNA8507,Esophageal squamous cell carcinoma
circRNA8924/hsa_circ_0141539,Cervical cancer
circRNA904,Esophageal squamous cell carcinoma
circRNA9227,Esophageal squamous cell carcinoma
circRNA9652,Esophageal squamous cell carcinoma
circRNA9656,Esophageal squamous cell carcinoma
circRNA9658,Esophageal squamous cell carcinoma
circRNA9671,Esophageal squamous cell carcinoma
circRNA9771,Esophageal squamous cell carcinoma
circRNA9777,Esophageal squamous cell carcinoma
circRNA-chr19,Ebola virus disease
circRNA-DLEU2/hsa_circ_0000488,Acute myeloid leukemia
circRNA-MSR/hsa_circ_0005567,Osteoarthritis
circRTN4,Colon cancer
circ-SHKBP1,Glioblastoma
circSLC8A1,Cardiovascular disease
CircSLC8A1-1,Heart disease
circSMARC1A,Colon cancer
circSMARCA5/hsa_circ_0001445,Glioblastoma
circSMARCA5/hsa_circ_0001445,Hepatocellular carcinoma
circSMARCA5/hsa_circ_0001445,Prostate cancer
circSP100/hsa_circ_0003922,Lupus nephritis
circTCF25/hsa_circ_0041103,Bladder cancer
circTRIM24/hsa_circ_0082582,Bladder cancer
circTTBK2/hsa_circ_0000594/hsa_circ_000850,Glioblastoma
circUBAP2,Lung cancer
circUBAP2,Osteosarcoma
circUBR5/hsa_circ_0001819/hsa_circ_000479,Non-small cell lung cancer
circUBR5/hsa_circ_0001819/hsa_circ_000479,Lupus nephritis
circularRNA100783/hsa_circ_0008887,Immunosenescence
circularRNA-ZRANB1,Glaucoma-induced retinal neurodegeneration
circVMA21/hsa_circ_0091702,Intervertebral disc degeneration
circVRK1,Breast cancer
circWDR77/hsa_circ_0013509,Cardiovascular disease
circWDR77/hsa_circ_0013509,Cardiovascular disease
circZFR/hsa_circRNA_103809/hsa_circ_10072088,Colorectal cancer
circZFR/hsa_circRNA_103809/hsa_circ_10072088,Gastric cancer
circZFR/hsa_circRNA_103809/hsa_circ_10072088,Bladder cancer
circZFR/hsa_circRNA_103809/hsa_circ_10072088,Liver cancer
circZFR/hsa_circRNA_103809/hsa_circ_10072088,Lung cancer
circZKSCAN1/hsa_circ_0001727,Hepatocellular carcinoma
circZNF609/hsa_circ_0000615/hsa_circ_000193,Lupus nephritis
circZNF609/hsa_circ_0000615/hsa_circ_000193,Hypertension
circZNF609/hsa_circ_0000615/hsa_circ_000193,Coronary artery disease
circZNF609/hsa_circ_0000615/hsa_circ_000193,Diabetes retinopathy
circZNF609/hsa_circ_0000615/hsa_circ_000193,Hirschsprung disease
circZNF609/hsa_circ_0000615/hsa_circ_000193,Myocardial infarction
circZNF609/hsa_circ_0000615/hsa_circ_000193,vascular endothelial dysfunction
cir-GLI2/hsa_circ_0056288,Osteosarcoma
Cir-ITCH/hsa_circ_0001141/hsa_circ_001763,Bladder cancer
Cir-ITCH/hsa_circ_0001141/hsa_circ_001763,Colorectal cancer
Cir-ITCH/hsa_circ_0001141/hsa_circ_001763,Esophageal squamous cell carcinoma
Cir-ITCH/hsa_circ_0001141/hsa_circ_001763,Hepatocellular carcinoma
Cir-ITCH/hsa_circ_0001141/hsa_circ_001763,Lung cancer
cTTN1,Heart failure
cTTN2,Heart failure
cTTN4,Heart failure
cTTN5,Heart failure
DTNA/hsa_circ_0108308,Multiple system atrophy
EFCAB11/hsa_circ_0032891,Multiple system atrophy
F-circEA,Non-Small cell Lung Cancer tumorigenesis
f-circM9,leukemia
GSDMB_ecircRNA/hsa_circ_0106803,Multiple sclerosis
hsa_circ_0031288/circPABPN1,Cervical carcinoma
hsa_circRNA_104387,Diabetic retinopathy
hsa_circ_001640,Early-Stage Lung Adenocarcinoma
hsa_circ_0000026/hsa_circ_000559,Gastric cancer
hsa_circ_0000064/hsa_circ_001565,Lung cancer
hsa_circ_0000069/hsa_circ_001061,Colorectal cancer
hsa_circ_0000073/hsa_circ_001069,Breast cancer
hsa_circ_0000096/circHIAT1/hsa_circ_001013,Clear cell renal cellcarcinoma
hsa_circ_0000096/circHIAT1/hsa_circ_001013,Gastric cancer
hsa_circ_0000098/hsa_circ_001351,Breast cancer
hsa_circ_0000140/hsa_circ_002058,Oral squamous cell carcinoma
hsa_circ_0000140/hsa_circ_002059,Gastric cancer
hsa_circ_0000144/hsa_circ_001622,Gastric cancer
hsa_circ_0000154/hsa_circ_000545,Gastric cancer
hsa_circ_0000172/hsa_circ_001363,Bladder cancer
hsa_circ_0000177,Glioblastoma
hsa_circ_0000181,Gastric cancer
hsa_circ_0000190/hsa_circ_002125,Gastric cancer
hsa_circ_0000199/hsa_circ_001469/circ_AKT3,Glioblastoma
hsa_circ_0000237/hsa_circ_001617,Colorectal cancer
hsa_circ_0000254/hsa_circ_001012,Acute myeloid leukemia
hsa_circ_0000257/hsa_circ_000099,Pancreatic ductal adenocarcinoma
hsa_circ_0000284/circHIPK3,Breast cancer
hsa_circ_0000284/circHIPK3,Glioblastoma
hsa_circ_0000284/circHIPK3,Hepatocellular carcinoma
hsa_circ_0000284/circHIPK3,Kidney clear cell carcinoma
hsa_circ_0000284/circHIPK3,Carotid disease and ischemic stroke
hsa_circ_0000284/circHIPK3,Bladder cancer
hsa_circ_0000284/circHIPK3,Colorectal cancer
hsa_circ_0000284/circHIPK3,Diabetes mellitus
hsa_circ_0000284/circHIPK3,Gastric cancer
hsa_circ_0000284/circHIPK3,Lung cancer
hsa_circ_0000284/circHIPK3,Osteosarcoma
hsa_circ_0000284/circHIPK3,Pre-Eclampsia(PE)
hsa_circ_0000284/circHIPK3,Prostate adenocarcinoma
hsa_circ_0000378/hsa_circ_000007,Primary great saphenous vein varicosities
hsa_circ_0000414/hsa_circ_001951,Pulmonary tuberculosis
hsa_circ_0000437,Hypertension
hsa_circ_0000504/hsa_circ_001373,Colorectal cancer
hsa_circ_0000517/hsa_circRNA_002178,Multiple sclerosis
hsa_circ_0000518,radioresistant esophageal cancer cells
hsa_circ_0000519,Multiple sclerosis
hsa_circ_0000520/hsa_circ_001846,Gastric cancer
hsa_circ_0000520/hsa_circ_001846,Multiple sclerosis
hsa_circ_0000567/hsa_circ_001983,Colorectal cancer
hsa_circ_0000615/MICRA/hsa_circ_000193,Heart failure
hsa_circ_0000673/hsa_circ_000202,Ovarian endometriosis
hsa_circ_0000677/hsa_circ_001569/circABCC,Colorectal cancer
hsa_circ_0000681/hsa_circ_001387,Pulmonary tuberculosis
hsa_circ_0000700/hsa_circRNA_001937,Tuberculosis
hsa_circ_0000732/hsa_circ_000220,Breast cancer
hsa_circ_0000745/hsa_circ_000013,Gastric cancer
hsa_circ_0000831/hsa_circ_001089,Glioblastoma
hsa_circ_0000893/hsa_circ_000261,Breast cancer
hsa_circ_0000977/hsa_circ_001918,Pancreatic ductal adenocarcinoma
hsa_circ_0000981/hsa_circ_001506,Breast cancer
hsa_circ_0001017/hsa_circ_002020,Gastric cancer
hsa_circ_0001135,Breast cancer
hsa_circ_0001187/hsa_circ_000341/hsa_circ_0008078,Acute myeloid leukemia
hsa_circ_0001187/hsa_circ_000341/hsa_circ_0008078,Cervical carcinoma
hsa_circ_0001189/hsa_circ_001502,Hypopharyngeal squamous cell carcinoma
hsa_circ_0001204/hsa_circ_001409,Tuberculosis
hsa_circ_0001212/hsa_circ_001886,Cervical carcinoma
hsa_circ_0001259/hsa_circ_001509,Breast cancer
hsa_circ_0001275/hsa_circ_000361,Postmenopausal Osteoporosis
hsa_circ_0001283/hsa_circ_000939,Breast cancer
hsa_circ_0001313/circCCDC66/hsa_circ_000374,Breast cancer
hsa_circ_0001313/circCCDC66/hsa_circ_000374,Cervical cancer
hsa_circ_0001313/circCCDC66/hsa_circ_000374,Colorectal cancer
hsa_circ_0001313/circCCDC66/hsa_circ_000374,Pancreatic cancer
hsa_circ_0001370/hsa_circ_001830,Basal cell carcinoma
hsa_circ_0001400,Multiple sclerosis
hsa_circ_0001417/hsa_circ_001160,Tuberculosis
hsa_circ_0001546/hsa_circ_000423,Gastric cancer
hsa_circ_0001561,Gastric cancer
hsa_circ_0001564/hsa_circ_001742,Osteosarcoma
hsa_circ_0001566/hsa_circ_001168,Glioblastoma
hsa_circ_0001598/hsa_circ_001437,Breast cancer
hsa_circ_0001649/circSHPRH/hsa_circ_001599,Cholangiocarcinoma
hsa_circ_0001649/circSHPRH/hsa_circ_001599,Colorectal cancer
hsa_circ_0001649/circSHPRH/hsa_circ_001599,Digestive System Neoplasm
hsa_circ_0001649/circSHPRH/hsa_circ_001599,Gastric cancer
hsa_circ_0001649/circSHPRH/hsa_circ_001599,Glioblastoma
hsa_circ_0001649/circSHPRH/hsa_circ_001599,Hepatocellular carcinoma
hsa_circ_0001666/hsa_circ_000742,Pancreatic ductal adenocarcinoma
hsa_circ_0001667/hsa_circ_001717,Breast cancer
hsa_circ_0001721/hsa_circ_000457,Breast cancer
hsa_circ_0001785/hsa_circ_001447,Breast cancer
hsa_circ_0001791/hsa_circ_001197,Breast cancer
hsa_circ_0001859/hsa_circ_001783,Rheumatoid arthritis
hsa_circ_0001874/hsa_circ_001547,Oral squamous cell carcinoma
hsa_circ_0001875,Breast cancer
hsa_circ_0001895/hsa_circ_000760,Gastric cancer
hsa_circ_0001897/hsa_circ_000994,Gastric cancer
hsa_circ_0001947/hsa_circ_000510,Acute myeloid leukemia
hsa_circ_0001971,Oral squamous cell carcinoma
hsa_circ_0001982,Breast cancer
hsa_circ_0002007,Breast cancer
hsa_circ_0002024,Bladder cancer
hsa_circ_0002052,Osteosarcoma
hsa_circ_0002062,chronic thromboembolic pulmonary hypertension
hsa_circ_0002089,Gastric cancer
hsa_circ_0002113,Pulmonary tuberculosis
hsa_circ_0002113,Breast cancer
hsa_circ_0002133,Hepatocellular carcinoma
hsa_circ_0002138,Colorectal cancer
hsa_circ_0002161,Essential hypertension
hsa_circ_0002168,Breast cancer
hsa_circ_0002179,Breast cancer
hsa_circ_0002190,Colorectal cancer
hsa_circ_0002260,Hypopharyngeal squamous cell carcinoma
hsa_circ_0002343,Cervical carcinoma
hsa_circ_0002362,Pulmonary tuberculosis
hsa_circ_0002495,Bladder cancer
hsa_circ_0002577,Endometrial cancer
hsa_circ_00026,Glioblastoma
hsa_circ_0002632,Oral squamous cell carcinoma
hsa_circ_0002874,Breast cancer
hsa_circ_0002908,Pulmonary tuberculosis
hsa_circ_0002968,Glioblastoma
hsa_circ_0003159,Gastric cancer
hsa_circ_0003171,Primary great saphenous vein varicosities
hsa_circ_0003183,Breast cancer
hsa_circ_0003221/circPTK2,Bladder cancer
hsa_circ_0003391,Postmenopausal Osteoporosis
hsa_circ_0003505,Papillary thyroid carcinoma
hsa_circ_0003519,Active pulmonary tuberculosis
hsa_circ_0003570/hsa_circ_0000267/hsa_circ_000105,Hepatocellular carcinoma
hsa_circ_0003575,Atherosclerosis
hsa_circ_0003586,Glioblastoma
hsa_circ_000367,Hepatic steatosis
hsa_circ_0003707,Gastric cancer
hsa_circ_0003789,Gastric cancer
hsa_circ_0003838,Breast cancer
hsa_circ_0003880,Breast cancer
hsa_circ_0004018,Hepatocellular carcinoma
hsa_circ_0004136,Acute myeloid leukemia
hsa_circ_0004183,Hepatic steatosis
hsa_circ_0004277,Acute myeloid leukemia
hsa_circ_0004383/cZNF292,Ischaemic heart disease
hsa_circ_0004383/cZNF292,Glioblastoma
hsa_circ_0004458,Gastric cancer
hsa_circ_0004680,Gastric cancer
hsa_circ_0004872,Glioblastoma
hsa_circ_0005004,Breast cancer
hsa_circ_0005015,Diabetes retinopathy
hsa_circ_0005046,Breast cancer
hsa_circ_0005075,Hepatocellular carcinoma
hsa_circ_0005085/hsa_circRNA_102612,Basal cell carcinoma
hsa_circ_0005105,Osteoarthritis
hsa_circ_0005127,Facet joint osteoarthritis
hsa_circ_0005214,Breast cancer
hsa_circ_0005267,Primary great saphenous vein varicosities
hsa_circ_0005397,Pancreatic ductal adenocarcinoma
hsa_circ_0005402/hsa_circ_0000518/hsa_circ_000167,Multiple sclerosis
hsa_circ_0005529,Gastric cancer
hsa_circ_0005556,Gastric cancer
hsa_circ_0005603,Glioblastoma
hsa_circ_0005785,Pancreatic ductal adenocarcinoma
hsa_circ_0005795/hsa_circRNA_100823,Basal cell carcinoma
hsa_circ_0005836,Active pulmonary tuberculosis
hsa_circ_0005870,Hypertension
hsa_circ_0005912/hsa_circRNA_103643,Basal cell carcinoma
hsa_circ_0005927,Gastric cancer
hsa_circ_0005931,Hepatoblastoma
hsa_circ_0005949,Colorectal cancer
hsa_circ_000595,Apoptosis of aortic smooth muscle cells
hsa_circ_0005986,Hepatocellular carcinoma
hsa_circ_0006022,Gastric cancer
hsa_circ_0006054,Breast cancer
hsa_circ_0006127,Gastric cancer
hsa_circ_0006147,Breast cancer
hsa_circ_0006174,Colorectal cancer
hsa_circ_0006220,Pancreatic ductal adenocarcinoma
hsa_circ_0006229,Colorectal cancer
hsa_circ_0006282,Gastric cancer
hsa_circ_0006323,Coronary artery disease
hsa_circ_0006411,Glioblastoma
hsa_circ_0006427,Primary great saphenous vein varicosities
hsa_circ_0006470,Gastric cancer
hsa_circ_0006502/hsa_circRNA_104964,Active pulmonary tuberculosis
hsa_circ_0006528,Breast cancer
hsa_circ_0006633,Gastric cancer
hsa_circ_0006766,Postmenopausal Osteoporosis
hsa_circ_0006801,Postmenopausal Osteoporosis
hsa_circ_0006903,Breast cancer
hsa_circ_0006913,Pancreatic ductal adenocarcinoma
hsa_circ_0007006,Colorectal cancer
hsa_circ_0007031/hsa_circ_0000504,Colorectal cancer
hsa_circ_0007099,Gastric cancer
hsa_circ_0007374,Colorectal cancer
hsa_circ_0007385,Non-small cell lung cancer
hsa_circ_0007386,Cervical carcinoma
hsa_circ_0007534,Breast cancer
hsa_circ_0007534,Colorectal cancer
hsa_circ_0007534,Glioblastoma
hsa_circ_0007534,Non small cell Lung Cancer
hsa_circ_0007551,Breast cancer
hsa_circ_0007707,Gastric cancer
hsa_circ_0007769,Breast cancer
hsa_circ_0007788,Postmenopausal Osteoporosis
hsa_circ_0007850,Hepatic steatosis
hsa_circ_0007928,Cervical carcinoma
hsa_circ_0008068,Oral squamous cell carcinoma
hsa_circ_0008139,Hypertension
hsa_circ_0008305,Intervertebral disc degeneration
hsa_circ_0008345,Glioblastoma
hsa_circ_0008394,Gastric cancer
hsa_circ_0008450,Hepatocellular carcinoma
hsa_circ_0008494,Colorectal cancer
hsa_circ_0008509,Colorectal cancer
hsa_circ_0008719,Pancreatic ductal adenocarcinoma
hsa_circ_0008732/hsa_circRNA_104738,Basal cell carcinoma
hsa_circ_0008792,Oral squamous cell carcinoma
hsa_circ_0008797,Pulmonary tuberculosis
hsa_circ_0008832,Gastric cancer
hsa_circ_0008844,Cervical carcinoma
hsa_circ_0008945,Breast cancer
hsa_circ_000984/hsa_circ_0001724,Colorectal cancer
hsa_circ_0009910,Osteosarcoma
hsa_circ_0010090/circFBLIM1,Liver cancer
hsa_circ_0010235,Non-Small cell Lung Cancer tumorigenesis
hsa_circ_0010567,Breast cancer
hsa_circ_001066/hsa_circRNA_001066,Gastric cancer
hsa_circ_0011021,Cervical cancer
hsa_circ_0011107,Gastric cancer
hsa_circ_0011946,Breast cancer
hsa_circ_0012129,Glioblastoma
hsa_circ_0012380,Breast cancer
hsa_circ_001242,Oral squamous cell carcinoma
hsa_circ_0012673,Lung adenocarcinoma
hsa_circ_0013255,Radiation-induced liver fibrosis
hsa_circ_001349,Lupus Nephritis
hsa_circ_0013958/hsa_circRNA_100323,Lung adenocarcinoma
hsa_circ_0014130,Non-small cell lung cancer
hsa_circ_0014717,Colorectal cancer
hsa_circ_0014717,Gastric cancer
hsa_circ_0014961,Breast cancer
hsa_circ_0015350,Breast cancer
hsa_circ_0015449,Basal cell carcinoma
hsa_circ_0015756,Hepatoblastoma
hsa_circ_0016347,Osteosarcoma
hsa_circ_001654/hsa_circRNA_001654,Infantile Hemangioma (IH)
hsa_circ_0016723,Breast cancer
hsa_circ_0016760,Non-small cell lung cancer
hsa_circ_0016901,Breast cancer
hsa_circ_0017446,Acute myeloid leukemia
hsa_circ_0017515,Hepatoblastoma
hsa_circ_0017841,Breast cancer
hsa_circ_0017949,Breast cancer
hsa_circ_0018289,Cervical cancer
hsa_circ_0018293,Breast cancer
hsa_circ_0018508,Type2 diabetes mellitus
hsa_circ_0019069,Diabetes retinopathy
hsa_circ_001959/hsa_circRNA_001959,Gastric cancer
hsa_circ_001988/hsa_circ_0001451,Colorectal cancer
hsa_circ_0020123,Non-Small cell Lung Cancer tumorigenesis
hsa_circ_002082/hsa_circ_0000271,Hepatic steatosis
hsa_circ_0021001,Intracranial aneurysms
hsa_circ_0021093,Hepatocellular carcinoma
hsa_circ_0022080,Colorectal cancer
hsa_circ_0022342,chronic thromboembolic pulmonary hypertension
hsa_circ_0022383/hsa_circRNA_100833,Cutaneous squamous cell carcinoma
hsa_circ_0022383/hsa_circRNA_100833,Basal cell carcinoma
hsa_circ_0022392/hsa_circRNA_100834,Basal cell carcinoma
hsa_circ_0022392/hsa_circRNA_100834,Cutaneous squamous cell carcinoma
hsa_circ_0023110,Hepatoblastoma
hsa_circ_0023114,Hepatoblastoma
hsa_circ_0023115,Ovarian endometriosis
hsa_circ_0023117,Hepatoblastoma
hsa_circ_0023404/circRNA_100876/circ-CER,Non-small cell lung cancer
hsa_circ_0023642,Gastric cancer
hsa_circ_0023956,Active pulmonary tuberculosis
hsa_circ_0024108,Hypopharyngeal squamous cell carcinoma
hsa_circ_0024892,Multiple sclerosis
hsa_circ_0026143,Ovarian endometriosis
hsa_circ_0026372,Diabetes retinopathy
hsa_circ_0026388,Diabetes retinopathy
hsa_circ_0028882,Postmenopausal Osteoporosis
hsa_circ_0029067,Facet joint osteoarthritis
hsa_circ_0030045,Tuberculosis
hsa_circ_0030055,Diabetes retinopathy
hsa_circ_0030569,Tuberculosis
hsa_circ_0031979,Gastric cancer
hsa_circ_0032821,Gastric cancer
hsa_circ_0032970,Coronary artery disease
hsa_circ_0034912,Cervical cancer
hsa_circ_0035381,Acute myeloid leukemia
hsa_circ_0035431,Gastric cancer
hsa_circ_0035445,Gastric cancer
hsa_circ_0035560/hsa_circ_0005402/hsa_circRNA_101539/hsa_circRNA_101541,Multiple sclerosis
hsa_circ_0036722,Hypopharyngeal squamous cell carcinoma
hsa_circ_0036877,Pre-Eclampsia (PE)
hsa_circ_0037911,Essential hypertension
hsa_circ_0040081,Hepatoblastoma
hsa_circ_0040809,Hypertension
hsa_circ_0041150,Pancreatic ductal adenocarcinoma
hsa_circ_004121,Hepatic steatosis
hsa_circ_0041731,Hepatoblastoma
hsa_circ_0041732,Gastric cancer
hsa_circ_0041796,Diabetes retinopathy
hsa_circ_0041946,Intervertebral disc degeneration
hsa_circ_0043256,Non-small cell lung cancer
hsa_circ_0043278,Pancreatic ductal adenocarcinoma
hsa_circ_0043497,Tuberculosis
hsa_circ_0043534,Hepatoblastoma
hsa_circ_0044556,Breast cancer
hsa_circ_0045510,Hepatoblastoma
hsa_circ_0045714,Osteoarthritis
hsa_circ_0046449/hsa_circRNA_102246,Basal cell carcinoma
hsa_circ_0046701,Glioblastoma
hsa_circ_0048232,Colorectal cancer
hsa_circ_0049657,Acute myeloid leukemia
hsa_circ_0050547,Gastric cancer
hsa_circ_0051172,Coronary artery disease
hsa_circ_0052372,Primary Biliary Cholangitis
hsa_circ_0053743,Facet joint osteoarthritis
hsa_circ_0054345,Radiation-induced liver fibrosis
hsa_circ_0054537,Coronary artery disease
hsa_circ_0054633,Type2 diabetes mellitus
hsa_circ_0056731/hsa_circRNA_056731,Multiple sclerosis
hsa_circ_0057093,Diabetes retinopathy
hsa_circ_0057336,Hepatoblastoma
hsa_circ_0057576,Coronary artery disease
hsa_circ_0058058,Acute myeloid leukemia
hsa_circ_0058106,Hypopharyngeal squamous cell carcinoma
hsa_circ_0058107,Hypopharyngeal squamous cell carcinoma
hsa_circ_0058246,Gastric cancer
hsa_circ_006054/hsa_circ_0006054,Breast cancer
hsa_circ_0061265/circBC048201,Bladder cancer
hsa_circ_0061274,Gastric cancer
hsa_circ_0061276,Gastric cancer
hsa_circ_0061893,Radiation-induced liver fibrosis
hsa_circ_0062163,Hepatoblastoma
hsa_circ_0062557,Ovarian endometriosis
hsa_circ_0063179,Pulmonary tuberculosis
hsa_circ_0063781,Facet joint osteoarthritis
hsa_circ_0063809,Gastric cancer
hsa_circ_0064996,Rheumatoid arthritis
hsa_circ_0066077,Hepatoblastoma
hsa_circ_0066922,Diabetes retinopathy
hsa_circ_0067531,Hepatocellular carcinoma
hsa_circ_0067745,Hepatoblastoma
hsa_circ_0067934,Esophageal squamous cell carcinoma
hsa_circ_0067934,Hepatocellular carcinoma
hsa_circ_0068033,Breast cancer
hsa_circ_0068087/CircSLC8A1-1,Type2 diabetes mellitus
hsa_circ_0068489,Diabetes retinopathy
hsa_circ_0068610,Gastric cancer
hsa_circ_0068669,Hepatocellular carcinoma
hsa_circ_0068942,Coronary artery disease
hsa_circ_0069131,Gastric cancer
hsa_circ_0069399,Cervical carcinoma
hsa_circ_0070963,Radiation-induced liver fibrosis
hsa_circ_0071410,Radiation-induced liver fibrosis
hsa_circ_0071589,Colorectal cancer
hsa_circ_0071896,Facet joint osteoarthritis
hsa_circ_0072359,Hepatoblastoma
hsa_circ_0072387/hsa_circRNA_103829,Basal cell carcinoma
hsa_circ_0072410,Diabetes retinopathy
hsa_circ_0072668,Facet joint osteoarthritis
hsa_circ_0072765,Radiation-induced liver fibrosis
hsa_circ_0074362,Gastric cancer
hsa_circ_0074806,Colorectal cancer
hsa_circ_0074930,Colorectal cancer
hsa_circ_0075001/circNPM1,Acute myeloid leukemia
hsa_circ_0075825/hsa_circRNA_104081,Basal cell carcinoma
hsa_circ_0075828,Basal cell carcinoma
hsa_circ_0075829/hsa_circRNA_104083,Basal cell carcinoma
hsa_circ_0076304,Gastric cancer
hsa_circ_0076305,Gastric cancer
hsa_circ_0078297,Pancreatic ductal adenocarcinoma
hsa_circ_0078710,Hepatoblastoma
hsa_circ_0078738,Papillary thyroid carcinoma
hsa_circ_0078768,Active pulmonary tuberculosis
hsa_circ_0079530,Non-small cell lung cancer
hsa_circ_0079549,Hepatoblastoma
hsa_circ_0080189/hsa_circRNA_104370,Basal cell carcinoma
hsa_circ_0080210/circ-GRB10,Intervertebral disc degeneration
hsa_circ_0081108,Diabetes retinopathy
hsa_circ_0081162,Diabetes retinopathy
hsa_circ_0082081,Coronary artery disease
hsa_circ_0082824,Coronary artery disease
hsa_circ_0083357,Coronary artery disease
hsa_circ_0084021,Colorectal cancer
hsa_circ_0084353,Colorectal cancer
hsa_circ_0084606,Gastric cancer
hsa_circ_0085495,Breast cancer
hsa_circ_0085553,Gastric cancer
hsa_circ_0085567,Breast cancer
hsa_circ_0085616,Gastric cancer
hsa_circ_0086241,Breast cancer
hsa_circ_0086376,Colorectal cancer
hsa_circ_0086419/hsa_circRNA_104739,Basal cell carcinoma
hsa_circ_0087206,Diabetes retinopathy
hsa_circ_0087215,Diabetes retinopathy
hsa_circ_0087432,Cervical cancer
hsa_circ_0087537,Facet joint osteoarthritis
hsa_circ_0087862,Colorectal cancer
hsa_circ_0088452,Active pulmonary tuberculosis
hsa_circ_0089231,Cervical cancer
hsa_circ_0089378,Coronary artery disease
hsa_circ_0089548,Gastric cancer
hsa_circ_0089810,Primary great saphenous vein varicosities
hsa_circ_009024/hsa_circ_0009128,Active pulmonary tuberculosis
hsa_circ_0091017,Bladder cancer
hsa_circ_0091742,Gastric cancer
hsa_circ_0091822,Cervical cancer
hsa_circ_0092024,Bladder cancer
hsa_circ_0092276,Breast cancer
hsa_circ_0092341/hsa_circ_0040039,Gastric cancer
hsa_circ_0093859,Breast cancer
hsa_circ_0098964,Coronary artery disease
hsa_circ_0100783,Immunosenescence
hsa_circ_0103809,Hepatocellular carcinoma
hsa_circ_0108942,Breast cancer
hsa_circ_0109046,Endometrial cancer
hsa_circ_0113854,Coronary artery disease
hsa_circ_0124644,Coronary artery disease
hsa_circ_0137287,Papillary thyroid carcinoma
hsa_circ_014724,Hepatic steatosis
hsa_circ_082319,Primary Biliary Cholangitis
hsa_circ_087631,Primary Biliary Cholangitis
hsa_circ_092516,Rheumatoid arthritis
hsa_circ_100219/hsa_circ_0004619,Breast cancer
hsa_circ_100226/hsa_circ_0046599,Systemic lupus erythematosus
hsa_circ_100775/hsa_circ_0021549,Systemic lupus erythematosus
hsa_circ_100855,Laryngeal squamous cell cancer tissues
hsa_circ_101222/hsa_circ_0029601,Pre-Eclampsia(PE)
hsa_circ_101396,Leukoaraiosis
hsa_circ_101471/hsa_circ_0034398,Systemic lupus erythematosus
hsa_circ_101555/hsa_circ_0001955,Cutaneous squamous cell carcinoma
hsa_circ_101873,Rheumatoid arthritis
hsa_circ_101889/hsa_circ_0040705,Systemic lupus erythematosus
hsa_circ_102347,Hepatic carcinoma
hsa_circ_102470,Leukoaraiosis
hsa_circ_102485,Primary Biliary Cholangitis
hsa_circ_102533,Leukoaraiosis
hsa_circ_102571/hsa_circ_0008615,Systemic lupus erythematosus
hsa_circ_102584/hsa_circ_0003146,Systemic lupus erythematosus
hsa_circ_103047,Rheumatoid arthritis
hsa_circ_103110/hsa_circ_0004771,Breast cancer
hsa_circ_103110/hsa_circ_0004771,Osteosarcoma
hsa_circ_103110/hsa_circ_0004771,Papillary thyroid carcinoma
hsa_circ_103736/hsa_circ_0070933,Cutaneous squamous cell carcinoma
hsa_circ_103737/hsa_circ_0070934,Cutaneous squamous cell carcinoma
hsa_circ_103783,Leukoaraiosis
hsa_circ_104689/hsa_circ_0001824,Breast cancer
hsa_circ_104807/hsa_circ_0001866/hsa_circ_001614,Systemic lupus erythematosus
hsa_circ_104821/hsa_circ_0001875,Breast cancer
hsa_circ_400011/hsa_circ_0092374,Systemic lupus erythematosus
hsa_circ_400066,Gastric cancer
hsa_circ_401977,Early-Stage Lung Adenocarcinoma
hsa_circ_402458,Primary Biliary Cholangitis
hsa_circ_404833,Early-Stage Lung Adenocarcinoma
hsa_circ_406329,Primary Biliary Cholangitis
hsa_circ_406483,Early-Stage Lung Adenocarcinoma
hsa_circ_406697,Breast cancer
hsa_circ_407176,Primary Biliary Cholangitis
hsa_circ6510-1,Coronary arteryu disease
hsa_circ6510-1,type2 Diabetes mellitus
hsa_circRNA_102049,Hepatocellular carcinoma
hsa_circRNA_100192,Diabetic retinopathy
hsa_circRNA_404457,Diabetic retinopathy
hsa_circRNA_000167/hsa_circ_0000518/hsa_circ_0000517,Pancreatic cancer
hsa_circRNA_000367,Hepatic steatosis
hsa_circRNA_000543/hsa_circ_0000543,Gastric cancer
hsa_circRNA_000598,Osteoarthritis
hsa_circRNA_000792/hsa_circ_000792,Gastric cancer
hsa_circRNA_001059/hsa_circ_0000554,Esophageal cancer
hsa_circRNA_001379/hsa_circ_0000516,Papillary thyroid carcinoma
hsa_circRNA_001653,Gastric cancer
hsa_circRNA_001959,Gastric cancer
hsa_circRNA_002082,Hepatic steatosis
hsa_circRNA_002143/hsa_circ_0001907,Major depressive disorder
hsa_circRNA_002271/hsa_circ_0002271,Thoracic aortic dissection
hsa_circRNA_003251,T2DM with depression
hsa_circRNA_004121,Hepatic steatosis
hsa_circRNA_004183,Hepatic steatosis
hsa_circRNA_004183,Repeated implantation failure
hsa_circRNA_005019,T2DM with depression
hsa_circRNA_005525/hsa_circ_0005525,Thoracic aortic dissection
hsa_circRNA_006411/hsa_circ_0006411,Lung adenocarcinoma
hsa_circRNA_007850,Hepatic steatosis
hsa_circRNA_009024,Tuberculosis
hsa_circRNA_014724,Hepatic steatosis
hsa_circRNA_015115/hsa_circ_0015115,T2DM with depression
hsa_circRNA_023016,Infantile Hemangioma(IH)
hsa_circRNA_024892,Multiple sclerosis
hsa_circRNA_029965/hsa_circ_0029965,Active pulmonary tuberculosis
hsa_circRNA_044353/hsa_circ_0044353,Repeated implantation failure
hsa_circRNA_050898/hsa_circ_0050898,Moyamoya disease
hsa_circRNA_051239/hsa_circ_0051239,Infantile Hemangioma(IH)
hsa_circRNA_063981,Diabetic retinopathy
hsa_circRNA_067209/hsa_circ_0067209,Moyamoya disease
hsa_circRNA_070616/hsa_circ_0070616,Repeated implantation failure
hsa_circRNA_091692,Active pulmonary tuberculosis
hsa_circRNA_092516,Rheumatoid arthritis
hsa_circRNA_100241/hsa_circRNA_100241,Osteosarcoma
hsa_circRNA_100258/hsa_circRNA_100258,Osteosarcoma
hsa_circRNA_100269/hsa_circRNA_100269,Gastric cancer
hsa_circRNA_100338/circSNX27,Hepatocellular carcinoma
hsa_circRNA_100395/hsa_circ_0015278,Papillary thyroid carcinoma
hsa_circRNA_100410/hsa_circ_0015449,Basal cell carcinoma
hsa_circRNA_100432/hsa_circ_0004777,Basal cell carcinoma
hsa_circRNA_100433,Pancreatic cancer
hsa_circRNA_100571,Primary hepatic carcinoma
hsa_circRNA_100679/hsa_circ_0005620,Major depressive disorder
hsa_circRNA_100709/hsa_circ_0003570,Infantile Hemangioma(IH)
hsa_circRNA_100750,Diabetic retinopathy
hsa_circRNA_100777/hsa_circ_0021553,Papillary thyroid carcinoma
hsa_circRNA_100834,Basal cell carcinoma
hsa_circRNA_100855/hsa_circ_0023028,Laryngeal squamous cell cancer tissues
hsa_circRNA_100914/hsa_circ_0023903,Moyamoya disease
hsa_circRNA_100918,T2DM with depression
hsa_circRNA_100933/hsa_circ_0023984,Infantile Hemangioma(IH)
hsa_circRNA_101113,Osteosarcoma
hsa_circRNA_101238/hsa_circ_0004372,Thoracic aortic dissection
hsa_circRNA_101308,Gastric cancer
hsa_circRNA_101356/hsa_circ_0004846,Papillary thyroid carcinoma
hsa_circRNA_101407/hsa_circ_0032683,Rheumatoid arthritis
hsa_circRNA_101419/hsa_circ_0032832,Esophageal cancer
hsa_circRNA_101717,Pancreatic cancer
hsa_circRNA_101720/hsa_circ_0002078,Moyamoya disease
hsa_circRNA_101975,Osteoarthritis
hsa_circRNA_102002/hsa_circ_0003505,Papillary thyroid carcinoma
hsa_circRNA_102002/hsa_circ_0003505,Basal cell carcinoma
hsa_circRNA_102032,Primary hepatic carcinoma
hsa_circRNA_102039/hsa_circ_0043138,Infantile Hemangioma(IH)
hsa_circRNA_102049,Osteosarcoma
hsa_circRNA_102049,Pancreatic cancer
hsa_circRNA_102051,Pancreatic cancer
hsa_circRNA_102101,Tuberculosis
hsa_circRNA_102116/hsa_circ_0003258,Infantile Hemangioma(IH)
hsa_circRNA_102296,Active pulmonary tuberculosis
hsa_circRNA_102347,Primary hepatic carcinoma
hsa_circRNA_102485,Osteosarcoma
hsa_circRNA_102594/hsa_circ_0052012,Rheumatoid arthritis
hsa_circRNA_102619,Pancreatic cancer
hsa_circRNA_102678,Osteosarcoma
hsa_circRNA_102682/circCRIM1/hsa_circ_0005442,Pre-Eclampsia(PE)
hsa_circRNA_102683/hsa_circ_0007386,Thoracic aortic dissection
hsa_circRNA_102761,Colorectal cancer
hsa_circRNA_102771/hsa_circ_0055377,Thoracic aortic dissection
hsa_circRNA_102802/hsa_circ_0056048,Major depressive disorder
hsa_circRNA_103047,Rheumatoid arthritis
hsa_circRNA_103076,Pancreatic cancer
hsa_circRNA_103096,Primary hepatic carcinoma
hsa_circRNA_103307/hsa_circ_0064557,Papillary thyroid carcinoma
hsa_circRNA_103309,Osteosarcoma
hsa_circRNA_103334/hsa_circ_0064996,Basal cell carcinoma
hsa_circRNA_103334/hsa_circ_0064996,Rheumatoid arthritis
hsa_circRNA_103343/hsa_circ_0002569,Moyamoya disease
hsa_circRNA_103387,Osteoarthritis
hsa_circRNA_103390,Pancreatic cancer
hsa_circRNA_103410,Diabetic retinopathy
hsa_circRNA_103458/hsa_circ_0067175,Thoracic aortic dissection
hsa_circRNA_103571,Active pulmonary tuberculosis
hsa_circRNA_103619,Multiple sclerosis
hsa_circRNA_103636/hsa_circ_0001410/hsa_circ_000947,Major depressive disorder
hsa_circRNA_103716/hsa_circ_0006935,Repeated implantation failure
hsa_circRNA_103781,Gastric cancer
hsa_circRNA_103801,Osteosarcoma
hsa_circRNA_103999,Gastric cancer
hsa_circRNA_104001,Repeated implantation failure
hsa_circRNA_104075,Hepatocellular carcinoma
hsa_circRNA_104084,Basal cell carcinoma
hsa_circRNA_104194/hsa_circ_0004712,Rheumatoid arthritis
hsa_circRNA_104268/hsa_circ_0078738,Papillary thyroid carcinoma
hsa_circRNA_104270,Pancreatic cancer
hsa_circRNA_104296,Tuberculosis
hsa_circRNA_104310/hsa_circ_0079385,Infantile Hemangioma(IH)
hsa_circRNA_104348/hsa_circ_0079891,Papillary thyroid carcinoma
hsa_circRNA_104349/hsa_circ_0079929,Thoracic aortic dissection
hsa_circRNA_104423,Gastric cancer
hsa_circRNA_104433/hsa_circ_0081342,Papillary thyroid carcinoma
hsa_circRNA_104565/hsa_circ_0002111/hsa_circ_0004458,Papillary thyroid carcinoma
hsa_circRNA_104566,Papillary thyroid carcinoma
hsa_circRNA_104593/hsa_circ_0083964,Rheumatoid arthritis
hsa_circRNA_104595/hsa_circ_0008016,Papillary thyroid carcinoma
hsa_circRNA_104634/hsa_circ_0084615,Thoracic aortic dissection
hsa_circRNA_104692,Osteosarcoma
hsa_circRNA_104700,Colorectal cancer
hsa_circRNA_104820/circFAM120A/hsa_circ_0005218,Pre-Eclampsia(PE)
hsa_circRNA_104854,Repeated implantation failure
hsa_circRNA_104892,Osteosarcoma
hsa_circRNA_104912/hsa_circ_0088442,Laryngeal squamous cell cancer tissues
hsa_circRNA_104916,Gastric cancer
hsa_circRNA_104953/hsa_circ_0089310,Major depressive disorder
hsa_circRNA_104964,Tuberculosis
hsa_circRNA_104980,Osteosarcoma
hsa_circRNA_105038/hsa_circ_0091894/hsa_circ_0008131,Papillary thyroid carcinoma
hsa_circRNA_400031,Primary hepatic carcinoma
hsa_circRNA_400033,Gastric cancer
hsa_circRNA_400064/hsa_circ_0092315,Papillary thyroid carcinoma
hsa_circRNA_400066,Gastric cancer
hsa_circRNA_400071,Gastric cancer
hsa_circRNA_401977,Lung adenocarcinoma
hsa_circRNA_404686,Repeated implantation failure
hsa_circRNA_404833,Lung adenocarcinoma
hsa_circRNA_406918,Diabetic retinopathy
hsa_circRNA11806_28,Coronary artery disease and type2 Diabetes mellitus
hsa-circRNA_0046367,Hepatic steatosis
hsa-circRNA_2149,Nervous inflammatory diseases or immune disorders
hsa-circRNA11783-2,Coronary artery disease
hsa-circRNA11783-2,Type2 diabetes mellitus
hsa-circRNA11806-28,Coronary artery disease
hsa-circRNA11806-28,Type2 diabetes mellitus
hsa-circRNA5974-1,Coronary artery disease
hsa-circRNA5974-1,Gastric cancer
hsa-circRNA6510-1,Coronary artery disease
hsa-circRNA6510-1,Type2 diabetes mellitus
IQCK/hsa_circ_0038374,Multiple system atrophy
MAN1A2,Colon cancer
MAP4K3/hsa_circ_0054211,Multiple system atrophy
MCF7_circ_000595,Breast cancer
MCTP1/hsa_circ_0005540,Multiple system atrophy
mm9_circ_010056,polarized macrophages
mm9_circ_013630,polarized macrophages
NFATC3,Epithelial Ovarian carcinoma
SPECC1a,Epithelial Ovarian carcinoma
Titin_circRNAs/cTtns/RBM20-dependent_TTN_circRNAs,Dilated cardiomyopathy
